{"cameraMode":{"drawMode":0,"name":"Shaded","section":"Shading Mode"},"sceneLighting":false,"audioPlay":false,"sceneViewState":{"showFog":true,"showMaterialUpdate":false,"showSkybox":true,"showFlares":true,"showImageEffects":true,"showParticleSystems":true},"in2DMode":false,"pivot":{"x":-0.7121714949607849,"y":1.7938722372055054,"z":-5.361103534698486},"rotation":{"x":-0.3815900981426239,"y":-0.15906213223934174,"z":0.06684011220932007,"w":-0.9080862998962402},"size":2.43232798576355,"orthographic":false}