{"cameraMode":{"drawMode":0,"name":"Shaded","section":"Shading Mode"},"sceneLighting":false,"audioPlay":false,"sceneViewState":{"showFog":true,"showMaterialUpdate":false,"showSkybox":true,"showFlares":true,"showImageEffects":true,"showParticleSystems":true},"in2DMode":false,"pivot":{"x":-0.49341243505477908,"y":0.009596109390258789,"z":1.0},"rotation":{"x":-0.024392632767558099,"y":0.970917284488678,"z":-0.1129470095038414,"w":-0.2096848487854004},"size":4.041658401489258,"orthographic":false}